n; comparisons; ; ; ; ; ; ; ; ; ; swaps; ; ; ; ; ; ; ; ; ; duration;
100; 2594; 2670; 2575; 2680; 2042; 2545; 2370; 2431; 2581; 2247; 2495; 2571; 2476; 2581; 1943; 2446; 2271; 2332; 2482; 2148; 0,000000; 0,000000; 0,000000; 0,000000; 0,000000; 0,000000; 0,000000; 0,000000; 0,000000; 0,000000; 
200; 10113; 10801; 10566; 10904; 10446; 9776; 10107; 10207; 9984; 9379; 9914; 10602; 10367; 10705; 10247; 9577; 9908; 10008; 9785; 9180; 0,000000; 0,000000; 0,000000; 0,000000; 0,000000; 0,000000; 0,000000; 0,000000; 0,000000; 0,000000; 
300; 22598; 22873; 21939; 22448; 21107; 22746; 23420; 22107; 21614; 24467; 22299; 22574; 21640; 22149; 20808; 22447; 23121; 21808; 21315; 24168; 0,000000; 0,000000; 0,000000; 0,000000; 0,000000; 0,000000; 0,000000; 0,000000; 0,000000; 0,000000; 
400; 39305; 40296; 38663; 39406; 39170; 38607; 40578; 39255; 41528; 40795; 38906; 39897; 38264; 39007; 38771; 38208; 40179; 38856; 41129; 40396; 0,000000; 0,000000; 0,001029; 0,000000; 0,000000; 0,000000; 0,000000; 0,000000; 0,000968; 0,000000; 
500; 62720; 62108; 62721; 61035; 63416; 60636; 63381; 64658; 59201; 60979; 62221; 61609; 62222; 60536; 62917; 60137; 62882; 64159; 58702; 60480; 0,000000; 0,000000; 0,000000; 0,000000; 0,000000; 0,000000; 0,001011; 0,000000; 0,000000; 0,000000; 
600; 87882; 90570; 90941; 91451; 89501; 90115; 95153; 92327; 91674; 91454; 87283; 89971; 90342; 90852; 88902; 89516; 94554; 91728; 91075; 90855; 0,000000; 0,000999; 0,000000; 0,000000; 0,000999; 0,000000; 0,000000; 0,001001; 0,000000; 0,000000; 
700; 124411; 121035; 123233; 126407; 123119; 123873; 125005; 123395; 123912; 121812; 123712; 120336; 122534; 125708; 122420; 123174; 124306; 122696; 123213; 121113; 0,000000; 0,000979; 0,000000; 0,000000; 0,001038; 0,000000; 0,000986; 0,000979; 0,000000; 0,001001; 
800; 157702; 157563; 163389; 157249; 158574; 156693; 160249; 157314; 159467; 159318; 156903; 156764; 162590; 156450; 157775; 155894; 159450; 156515; 158668; 158519; 0,001022; 0,000000; 0,000993; 0,000000; 0,001000; 0,000000; 0,000986; 0,000000; 0,001038; 0,000000; 
900; 206089; 212134; 203665; 215671; 204368; 205105; 196609; 207121; 208241; 214164; 205190; 211235; 202766; 214772; 203469; 204206; 195710; 206222; 207342; 213265; 0,000000; 0,001027; 0,000988; 0,000000; 0,001000; 0,000999; 0,000000; 0,000999; 0,000991; 0,000000; 
1000; 257465; 246947; 261299; 258930; 235401; 243859; 249240; 245955; 245827; 240522; 256466; 245948; 260300; 257931; 234402; 242860; 248241; 244956; 244828; 239523; 0,001031; 0,000000; 0,001004; 0,000978; 0,000999; 0,001034; 0,000000; 0,001000; 0,000983; 0,000976; 
1100; 298106; 300924; 307921; 308398; 307449; 298163; 306805; 306465; 312487; 306132; 297007; 299825; 306822; 307299; 306350; 297064; 305706; 305366; 311388; 305033; 0,000981; 0,000997; 0,000999; 0,001000; 0,001004; 0,000999; 0,002018; 0,001008; 0,000973; 0,001004; 
1200; 366415; 373705; 358117; 354239; 356549; 366751; 371646; 359431; 364872; 354803; 365216; 372506; 356918; 353040; 355350; 365552; 370447; 358232; 363673; 353604; 0,001029; 0,000985; 0,000998; 0,001987; 0,001003; 0,000999; 0,001002; 0,001002; 0,002057; 0,001001; 
1300; 420755; 413826; 419321; 417475; 420021; 431564; 422182; 406202; 423535; 425538; 419456; 412527; 418022; 416176; 418722; 430265; 420883; 404903; 422236; 424239; 0,001011; 0,001973; 0,001022; 0,001980; 0,001053; 0,000966; 0,002003; 0,000987; 0,001987; 0,001012; 
1400; 482900; 482387; 493506; 488684; 496088; 486895; 493192; 478553; 486021; 506073; 481501; 480988; 492107; 487285; 494689; 485496; 491793; 477154; 484622; 504674; 0,002009; 0,001017; 0,001001; 0,001986; 0,001011; 0,002013; 0,001007; 0,001969; 0,001997; 0,001046; 
1500; 567841; 545070; 556036; 561223; 564266; 568868; 570229; 583152; 577075; 565882; 566342; 543571; 554537; 559724; 562767; 567369; 568730; 581653; 575576; 564383; 0,001991; 0,002049; 0,001956; 0,002039; 0,001958; 0,002059; 0,001979; 0,000963; 0,002043; 0,002002; 
1600; 646145; 638073; 623437; 638599; 643682; 629823; 650641; 638839; 664912; 624110; 644546; 636474; 621838; 637000; 642083; 628224; 649042; 637240; 663313; 622511; 0,002021; 0,001988; 0,001985; 0,002000; 0,002002; 0,002039; 0,002019; 0,001943; 0,002040; 0,002004; 
1700; 717764; 710993; 722230; 729907; 742333; 713690; 742825; 746877; 729573; 710026; 716065; 709294; 720531; 728208; 740634; 711991; 741126; 745178; 727874; 708327; 0,002978; 0,001999; 0,002004; 0,003000; 0,002039; 0,002069; 0,002017; 0,002969; 0,001997; 0,001953; 
1800; 829377; 801036; 820800; 803542; 817753; 822084; 806229; 783040; 786929; 805332; 827578; 799237; 819001; 801743; 815954; 820285; 804430; 781241; 785130; 803533; 0,003014; 0,002017; 0,002971; 0,003000; 0,002022; 0,001988; 0,003062; 0,001922; 0,003004; 0,001998; 
1900; 908154; 903810; 898294; 914854; 904858; 894595; 910305; 901336; 910666; 896646; 906255; 901911; 896395; 912955; 902959; 892696; 908406; 899437; 908767; 894747; 0,001998; 0,002955; 0,003018; 0,002991; 0,002993; 0,002000; 0,003002; 0,002999; 0,003021; 0,002975; 
2000; 989246; 1014273; 981437; 1008926; 1016170; 992002; 991036; 1005187; 1008835; 1001299; 987247; 1012274; 979438; 1006927; 1014171; 990003; 989037; 1003188; 1006836; 999300; 0,002964; 0,003000; 0,003000; 0,003993; 0,003997; 0,003028; 0,002982; 0,003054; 0,003934; 0,003000; 
2100; 1115835; 1120408; 1116503; 1086703; 1107257; 1098909; 1112976; 1129898; 1105527; 1118379; 1113736; 1118309; 1114404; 1084604; 1105158; 1096810; 1110877; 1127799; 1103428; 1116280; 0,003986; 0,004000; 0,002994; 0,004000; 0,005006; 0,003997; 0,003078; 0,003984; 0,004001; 0,003974; 
2200; 1210936; 1248971; 1194023; 1197693; 1209511; 1204337; 1233115; 1251913; 1187202; 1229013; 1208737; 1246772; 1191824; 1195494; 1207312; 1202138; 1230916; 1249714; 1185003; 1226814; 0,003003; 0,002988; 0,004013; 0,003974; 0,004039; 0,003985; 0,004041; 0,004937; 0,004062; 0,004006; 
2300; 1294374; 1334524; 1318958; 1336380; 1342636; 1286994; 1345309; 1341618; 1316856; 1323696; 1292075; 1332225; 1316659; 1334081; 1340337; 1284695; 1343010; 1339319; 1314557; 1321397; 0,004013; 0,003987; 0,004000; 0,005029; 0,004033; 0,003939; 0,005099; 0,005898; 0,004999; 0,004002; 
2400; 1447602; 1412007; 1462671; 1440074; 1431040; 1446058; 1434722; 1455657; 1421318; 1464843; 1445203; 1409608; 1460272; 1437675; 1428641; 1443659; 1432323; 1453258; 1418919; 1462444; 0,004997; 0,004011; 0,004995; 0,005038; 0,004029; 0,005940; 0,005027; 0,004974; 0,005049; 0,005005; 
2500; 1554037; 1577314; 1548074; 1584720; 1581789; 1582918; 1571548; 1584617; 1544031; 1586521; 1551538; 1574815; 1545575; 1582221; 1579290; 1580419; 1569049; 1582118; 1541532; 1584022; 0,004987; 0,005030; 0,004946; 0,004997; 0,004999; 0,006003; 0,005034; 0,005033; 0,005932; 0,004998; 
2600; 1691369; 1651147; 1676884; 1708839; 1705385; 1679989; 1681108; 1706442; 1682015; 1689346; 1688770; 1648548; 1674285; 1706240; 1702786; 1677390; 1678509; 1703843; 1679416; 1686747; 0,004992; 0,005011; 0,005036; 0,004950; 0,005988; 0,004980; 0,006153; 0,006221; 0,005006; 0,005978; 
2700; 1846110; 1835057; 1846710; 1854695; 1866435; 1804145; 1798094; 1866783; 1819475; 1831785; 1843411; 1832358; 1844011; 1851996; 1863736; 1801446; 1795395; 1864084; 1816776; 1829086; 0,005997; 0,006000; 0,006003; 0,006060; 0,005979; 0,005943; 0,006070; 0,006000; 0,006935; 0,006062; 
2800; 1969573; 2012981; 1942439; 1967285; 1975566; 1979821; 1926912; 1954650; 1949757; 1926587; 1966774; 2010182; 1939640; 1964486; 1972767; 1977022; 1924113; 1951851; 1946958; 1923788; 0,007003; 0,006020; 0,006990; 0,005989; 0,007059; 0,005999; 0,006046; 0,007026; 0,006927; 0,007060; 
2900; 2108564; 2117389; 2099696; 2123506; 2056430; 2092634; 2097585; 2110967; 2111323; 2092397; 2105665; 2114490; 2096797; 2120607; 2053531; 2089735; 2094686; 2108068; 2108424; 2089498; 0,005998; 0,008006; 0,007023; 0,006973; 0,007001; 0,008024; 0,007034; 0,007000; 0,008010; 0,006993; 
3000; 2285425; 2251540; 2261428; 2325802; 2244700; 2252370; 2227835; 2240746; 2226604; 2204274; 2282426; 2248541; 2258429; 2322803; 2241701; 2249371; 2224836; 2237747; 2223605; 2201275; 0,008003; 0,007027; 0,006982; 0,007989; 0,007059; 0,007940; 0,007065; 0,007934; 0,008063; 0,007013; 
3100; 2365363; 2407450; 2432276; 2409892; 2400751; 2391447; 2416470; 2354774; 2414250; 2372763; 2362264; 2404351; 2429177; 2406793; 2397652; 2388348; 2413371; 2351675; 2411151; 2369664; 0,007013; 0,007988; 0,009023; 0,007976; 0,008024; 0,007048; 0,008048; 0,006946; 0,008050; 0,008007; 
3200; 2596089; 2580884; 2568533; 2532947; 2499387; 2609070; 2562124; 2533648; 2601457; 2565569; 2592890; 2577685; 2565334; 2529748; 2496188; 2605871; 2558925; 2530449; 2598258; 2562370; 0,009020; 0,007976; 0,009013; 0,008046; 0,008007; 0,009024; 0,007985; 0,008987; 0,008000; 0,008002; 
3300; 2728406; 2731713; 2677088; 2750675; 2778482; 2637058; 2762195; 2769394; 2696622; 2750733; 2725107; 2728414; 2673789; 2747376; 2775183; 2633759; 2758896; 2766095; 2693323; 2747434; 0,009781; 0,008997; 0,008999; 0,008990; 0,010048; 0,007949; 0,009000; 0,009990; 0,008001; 0,009001; 
3400; 2910276; 2867504; 2946365; 2891414; 2848548; 2909338; 2931277; 2878556; 2896322; 2882773; 2906877; 2864105; 2942966; 2888015; 2845149; 2905939; 2927878; 2875157; 2892923; 2879374; 0,010002; 0,009000; 0,010019; 0,009074; 0,007992; 0,010002; 0,009012; 0,008989; 0,010005; 0,008999; 
3500; 3018683; 3018870; 3062171; 3110616; 3076263; 3055697; 3074766; 3044859; 3047053; 3013192; 3015184; 3015371; 3058672; 3107117; 3072764; 3052198; 3071267; 3041360; 3043554; 3009693; 0,010002; 0,010013; 0,010009; 0,011061; 0,009974; 0,011042; 0,008935; 0,010064; 0,010007; 0,008991; 
3600; 3253646; 3182514; 3189114; 3227192; 3223769; 3301550; 3230702; 3219906; 3238200; 3260670; 3250047; 3178915; 3185515; 3223593; 3220170; 3297951; 3227103; 3216307; 3234601; 3257071; 0,011022; 0,010015; 0,010976; 0,011015; 0,011053; 0,010980; 0,011002; 0,010013; 0,009987; 0,008191; 
3700; 3444345; 3362266; 3468932; 3406552; 3419534; 3444492; 3387819; 3369080; 3433301; 3404150; 3440646; 3358567; 3465233; 3402853; 3415835; 3440793; 3384120; 3365381; 3429602; 3400451; 0,011011; 0,011012; 0,011976; 0,011058; 0,012005; 0,010999; 0,010935; 0,011077; 0,006206; 0,000000; 
3800; 3631145; 3615214; 3655597; 3607921; 3601009; 3572702; 3599690; 3659845; 3608337; 3671558; 3627346; 3611415; 3651798; 3604122; 3597210; 3568903; 3595891; 3656046; 3604538; 3667759; 0,012007; 0,011001; 0,011999; 0,013066; 0,011002; 0,011931; 0,010999; 0,004152; 0,015624; 0,000000; 
3900; 3774155; 3810757; 3777041; 3719965; 3782609; 3721846; 3817591; 3762448; 3790940; 3824859; 3770256; 3806858; 3773142; 3716066; 3778710; 3717947; 3813692; 3758549; 3787041; 3820960; 0,011982; 0,012051; 0,012940; 0,013099; 0,012901; 0,012066; 0,012010; 0,011996; 0,011236; 0,000000; 
4000; 4072249; 3974015; 4030673; 4138130; 3988994; 4042718; 3891535; 4034805; 3933707; 4001530; 4068250; 3970016; 4026674; 4134131; 3984995; 4038719; 3887536; 4030806; 3929708; 3997531; 0,013051; 0,012972; 0,013043; 0,013998; 0,014000; 0,012995; 0,012009; 0,012997; 0,001225; 0,015669; 
4100; 4245645; 4188809; 4152086; 4272751; 4190043; 4146407; 4184640; 4243559; 4190365; 4204318; 4241546; 4184710; 4147987; 4268652; 4185944; 4142308; 4180541; 4239460; 4186266; 4200219; 0,015001; 0,013998; 0,014064; 0,014001; 0,015000; 0,013000; 0,013002; 0,011295; 0,000000; 0,015675; 
4200; 4406058; 4448948; 4378945; 4480194; 4414582; 4355024; 4447784; 4383311; 4348029; 4513726; 4401859; 4444749; 4374746; 4475995; 4410383; 4350825; 4443585; 4379112; 4343830; 4509527; 0,014007; 0,013982; 0,015345; 0,014993; 0,014999; 0,012997; 0,014007; 0,007268; 0,015694; 0,000000; 
4300; 4653288; 4666120; 4600597; 4609168; 4510444; 4581295; 4625680; 4728103; 4573714; 4580118; 4648989; 4661821; 4596298; 4604869; 4506145; 4576996; 4621381; 4723804; 4569415; 4575819; 0,016015; 0,015059; 0,015002; 0,015998; 0,015000; 0,014000; 0,010250; 0,015624; 0,016563; 0,000000; 
4400; 4799963; 4804878; 4849432; 4826047; 4884374; 4843144; 4916812; 4821781; 4870782; 4847919; 4795564; 4800479; 4845033; 4821648; 4879975; 4838745; 4912413; 4817382; 4866383; 4843520; 0,014999; 0,017001; 0,017058; 0,016001; 0,014996; 0,016000; 0,011248; 0,007082; 0,031328; 0,000000; 
4500; 5089956; 5111166; 5094426; 5062059; 5058757; 5031055; 5053540; 5028677; 5041371; 5087450; 5085457; 5106667; 5089927; 5057560; 5054258; 5026556; 5049041; 5024178; 5036872; 5082951; 0,016007; 0,018012; 0,017040; 0,016937; 0,022062; 0,017039; 0,015627; 0,008573; 0,015695; 0,015655; 
4600; 5224229; 5257665; 5346926; 5285405; 5345836; 5365122; 5390982; 5362446; 5389411; 5377038; 5219630; 5253066; 5342327; 5280806; 5341237; 5360523; 5386383; 5357847; 5384812; 5372439; 0,001212; 0,034527; 0,018942; 0,017999; 0,018002; 0,017005; 0,018033; 0,014724; 0,008575; 0,015721; 
4700; 5510918; 5520929; 5533978; 5449893; 5568349; 5555844; 5484852; 5570761; 5558725; 5450037; 5506219; 5516230; 5529279; 5445194; 5563650; 5551145; 5480153; 5566062; 5554026; 5445338; 0,018053; 0,019012; 0,017933; 0,017061; 0,017000; 0,010197; 0,015636; 0,015685; 0,015628; 0,013609; 
4800; 5841297; 5794411; 5723956; 5665652; 5785320; 5747990; 5695661; 5816040; 5778407; 5715878; 5836498; 5789612; 5719157; 5660853; 5780521; 5743191; 5690862; 5811241; 5773608; 5711079; 0,019021; 0,018980; 0,018260; 0,018000; 0,018063; 0,013717; 0,023164; 0,019962; 0,019079; 0,016221; 
4900; 5959944; 5965794; 6088135; 6041112; 5985081; 5924066; 6067636; 5999958; 6032139; 5995541; 5955045; 5960895; 6083236; 6036213; 5980182; 5919167; 6062737; 5995059; 6027240; 5990642; 0,018996; 0,021070; 0,019999; 0,018992; 0,020002; 0,008133; 0,015706; 0,017428; 0,029397; 0,013733; 
5000; 6321356; 6277702; 6331054; 6319218; 6245889; 6242407; 6215108; 6301192; 6297907; 6217385; 6316357; 6272703; 6326055; 6314219; 6240890; 6237408; 6210109; 6296193; 6292908; 6212386; 0,021002; 0,020028; 0,021041; 0,020947; 0,019053; 0,013242; 0,015661; 0,015628; 0,015618; 0,015629; 
5100; 6535905; 6463495; 6541570; 6480087; 6510301; 6463114; 6492902; 6439150; 6434519; 6431218; 6530806; 6458396; 6536471; 6474988; 6505202; 6458015; 6487803; 6434051; 6429420; 6426119; 0,023019; 0,020985; 0,021058; 0,021009; 0,013339; 0,015681; 0,015627; 0,015628; 0,031255; 0,020385; 
5200; 6718819; 6770714; 6675782; 6640225; 6657660; 6605393; 6762294; 6825446; 6790813; 6829131; 6713620; 6765515; 6670583; 6635026; 6652461; 6600194; 6757095; 6820247; 6785614; 6823932; 0,022024; 0,023102; 0,022140; 0,021000; 0,017235; 0,015697; 0,015624; 0,015629; 0,029129; 0,015638; 
5300; 7008055; 6999651; 7031418; 7003660; 7070605; 6973466; 7099651; 7022688; 7075837; 7093196; 7002756; 6994352; 7026119; 6998361; 7065306; 6968167; 7094352; 7017389; 7070538; 7087897; 0,023034; 0,022962; 0,023988; 0,023012; 0,023346; 0,011261; 0,029330; 0,021110; 0,018789; 0,021099; 
5400; 7361025; 7242561; 7293749; 7140052; 7289207; 7392824; 7352012; 7294834; 7344667; 7310385; 7355626; 7237162; 7288350; 7134653; 7283808; 7387425; 7346613; 7289435; 7339268; 7304986; 0,024063; 0,025998; 0,023000; 0,021979; 0,013218; 0,031320; 0,015609; 0,031262; 0,017306; 0,030902; 
5500; 7521763; 7591183; 7447398; 7622283; 7611285; 7583329; 7524730; 7687051; 7637801; 7490487; 7516264; 7585684; 7441899; 7616784; 7605786; 7577830; 7519231; 7681552; 7632302; 7484988; 0,020648; 0,030112; 0,023976; 0,024036; 0,023025; 0,019090; 0,015626; 0,031247; 0,016130; 0,015629; 
5600; 7814914; 7738037; 8023165; 7808896; 7938316; 7923751; 7826242; 7809171; 7835756; 7937056; 7809315; 7732438; 8017566; 7803297; 7932717; 7918152; 7820643; 7803572; 7830157; 7931457; 0,025992; 0,027015; 0,025002; 0,015352; 0,015625; 0,015624; 0,017136; 0,031258; 0,015625; 0,031250; 
5700; 8251816; 8132535; 8110063; 7995242; 8123090; 8227805; 7980636; 8040863; 8153036; 8162066; 8246117; 8126836; 8104364; 7989543; 8117391; 8222106; 7974937; 8035164; 8147337; 8156367; 0,026999; 0,027041; 0,025987; 0,026004; 0,017900; 0,015636; 0,031249; 0,015626; 0,031622; 0,031608; 
5800; 8628172; 8165073; 8308216; 8340847; 8419694; 8433884; 8380488; 8397652; 8326463; 8344745; 8622373; 8159274; 8302417; 8335048; 8413895; 8428085; 8374689; 8391853; 8320664; 8338946; 0,028215; 0,029989; 0,025995; 0,025988; 0,014324; 0,031250; 0,015698; 0,029714; 0,015705; 0,031248; 
5900; 8673707; 8744698; 8568309; 8656158; 8700546; 8803328; 8704959; 8654972; 8727437; 8649188; 8667808; 8738799; 8562410; 8650259; 8694647; 8797429; 8699060; 8649073; 8721538; 8643289; 0,029030; 0,028970; 0,027063; 0,019253; 0,025776; 0,031331; 0,015623; 0,031252; 0,024741; 0,021054; 
6000; 8945745; 8895962; 9025263; 9104292; 8966679; 8986027; 8981907; 9094535; 8994288; 9019881; 8939746; 8889963; 9019264; 9098293; 8960680; 8980028; 8975908; 9088536; 8988289; 9013882; 0,030063; 0,029935; 0,029062; 0,022922; 0,015620; 0,031250; 0,015628; 0,022280; 0,015625; 0,031262; 
6100; 9309484; 9360433; 9379356; 9417677; 9307285; 9382447; 9415610; 9220601; 9314213; 9335163; 9303385; 9354334; 9373257; 9411578; 9301186; 9376348; 9409511; 9214502; 9308114; 9329064; 0,033081; 0,031980; 0,027730; 0,020280; 0,031344; 0,015609; 0,031249; 0,022216; 0,031332; 0,031255; 
6200; 9443943; 9760063; 9602455; 9492856; 9576838; 9625041; 9472894; 9579557; 9615655; 9569092; 9437744; 9753864; 9596256; 9486657; 9570639; 9618842; 9466695; 9573358; 9609456; 9562893; 0,031090; 0,032993; 0,031001; 0,023310; 0,031500; 0,021077; 0,031599; 0,021064; 0,023368; 0,031189; 
6300; 9915434; 9936621; 9846956; 9807585; 9992547; 9904041; 9900721; 9962208; 9901617; 9903482; 9909135; 9930322; 9840657; 9801286; 9986248; 9897742; 9894422; 9955909; 9895318; 9897183; 0,033022; 0,032991; 0,026246; 0,023781; 0,031249; 0,031248; 0,024746; 0,030822; 0,032134; 0,027772; 
6400; 10157487; 10215914; 10073319; 10267407; 10294001; 10305884; 10288371; 10207544; 10248877; 10231667; 10151088; 10209515; 10066920; 10261008; 10287602; 10299485; 10281972; 10201145; 10242478; 10225268; 0,034042; 0,034004; 0,032005; 0,026836; 0,031248; 0,015631; 0,041668; 0,029148; 0,023310; 0,031697; 
6500; 10674698; 10632016; 10499608; 10424943; 10571250; 10466509; 10570535; 10708433; 10610072; 10563460; 10668199; 10625517; 10493109; 10418444; 10564751; 10460010; 10564036; 10701934; 10603573; 10556961; 0,035040; 0,034003; 0,026849; 0,031343; 0,035222; 0,025979; 0,023136; 0,031252; 0,031250; 0,022129; 
6600; 10860984; 10846940; 10864931; 10916077; 10903010; 10922103; 10919418; 10916312; 10849381; 11057224; 10854385; 10840341; 10858332; 10909478; 10896411; 10915504; 10912819; 10909713; 10842782; 11050625; 0,037080; 0,037983; 0,034998; 0,016909; 0,043872; 0,030562; 0,030615; 0,030497; 0,031227; 0,031568; 
6700; 11276593; 11020129; 11251233; 11218186; 11291382; 11232071; 11311984; 11198471; 11221306; 11183305; 11269894; 11013430; 11244534; 11211487; 11284683; 11225372; 11305285; 11191772; 11214607; 11176606; 0,038017; 0,038047; 0,025257; 0,031300; 0,031251; 0,037827; 0,031314; 0,039654; 0,031460; 0,033702; 
6800; 11475982; 11547533; 11361343; 11591612; 11567513; 11436985; 11664981; 11598123; 11285261; 11443159; 11469183; 11540734; 11354544; 11584813; 11560714; 11430186; 11658182; 11591324; 11278462; 11436360; 0,038011; 0,039003; 0,033243; 0,031301; 0,040996; 0,030804; 0,031575; 0,039733; 0,033628; 0,031587; 
6900; 11835237; 11884515; 11929522; 11843416; 11845774; 11946401; 11995283; 11752837; 11912015; 12060498; 11828338; 11877616; 11922623; 11836517; 11838875; 11939502; 11988384; 11745938; 11905116; 12053599; 0,039062; 0,039000; 0,034594; 0,031656; 0,031413; 0,039785; 0,033373; 0,031606; 0,031570; 0,042875; 
7000; 12174141; 12218787; 12167664; 12166326; 12274455; 12319143; 12403378; 12311437; 12178866; 12288621; 12167142; 12211788; 12160665; 12159327; 12267456; 12312144; 12396379; 12304438; 12171867; 12281622; 0,040110; 0,040961; 0,032663; 0,030649; 0,040810; 0,030496; 0,038685; 0,032602; 0,038673; 0,033522; 
7100; 12696361; 12513739; 12584564; 12739458; 12683807; 12624279; 12527045; 12677510; 12606764; 12518817; 12689262; 12506640; 12577465; 12732359; 12676708; 12617180; 12519946; 12670411; 12599665; 12511718; 0,043002; 0,041992; 0,039841; 0,033771; 0,039824; 0,032627; 0,040682; 0,030477; 0,040743; 0,030532; 
7200; 13107161; 12841978; 12941566; 12939197; 13065678; 12912947; 12884615; 12894994; 12950014; 12895951; 13099962; 12834779; 12934367; 12931998; 13058479; 12905748; 12877416; 12887795; 12942815; 12888752; 0,043060; 0,041931; 0,026793; 0,031266; 0,049908; 0,031312; 0,037480; 0,044194; 0,039742; 0,033709; 
7300; 13345134; 13399339; 13407831; 13310927; 13365856; 13199439; 13441470; 13708616; 13314947; 13185287; 13337835; 13392040; 13400532; 13303628; 13358557; 13192140; 13434171; 13701317; 13307648; 13177988; 0,045027; 0,043031; 0,039329; 0,031260; 0,037705; 0,031257; 0,046876; 0,034521; 0,040720; 0,042433; 
7400; 13696176; 13689652; 13454930; 13748906; 13806669; 13850248; 13576282; 13728998; 13723365; 13635199; 13688777; 13682253; 13447531; 13741507; 13799270; 13842849; 13568883; 13721599; 13715966; 13627800; 0,045002; 0,045071; 0,036018; 0,031236; 0,046868; 0,040521; 0,041915; 0,041910; 0,039667; 0,033837; 
7500; 14056073; 14168518; 14317396; 14014432; 14021920; 14160405; 14009064; 13938073; 14116166; 14116537; 14048574; 14161019; 14309897; 14006933; 14014421; 14152906; 14001565; 13930574; 14108667; 14109038; 0,046223; 0,045988; 0,041808; 0,042100; 0,039819; 0,033942; 0,042123; 0,042177; 0,041967; 0,039756; 
7600; 14305721; 14580965; 14491493; 14334342; 14553547; 14430923; 14506426; 14435080; 14425805; 14277454; 14298122; 14573366; 14483894; 14326743; 14545948; 14423324; 14498827; 14427481; 14418206; 14269855; 0,048016; 0,045253; 0,042124; 0,042228; 0,041955; 0,041803; 0,042079; 0,042105; 0,042110; 0,039775; 
7700; 14547854; 14746791; 14819748; 15044134; 14785337; 14802035; 14882768; 14610639; 14900219; 14810292; 14540155; 14739092; 14812049; 15036435; 14777638; 14794336; 14875069; 14602940; 14892520; 14802593; 0,048063; 0,048007; 0,040683; 0,031247; 0,053481; 0,045987; 0,040889; 0,041951; 0,041941; 0,042020; 
7800; 15282539; 15364869; 15293390; 15209563; 15228275; 15114302; 15327115; 15246343; 15339665; 15297756; 15274740; 15357070; 15285591; 15201764; 15220476; 15106503; 15319316; 15238544; 15331866; 15289957; 0,052050; 0,051993; 0,043177; 0,041863; 0,042049; 0,042056; 0,051477; 0,039752; 0,040883; 0,048766; 
7900; 15572470; 15519054; 15472134; 15555051; 15940369; 15684572; 15437250; 15587560; 15622976; 15718511; 15564571; 15511155; 15464235; 15547152; 15932470; 15676673; 15429351; 15579661; 15615077; 15710612; 0,050998; 0,051064; 0,031325; 0,046872; 0,044739; 0,044335; 0,042052; 0,048521; 0,045682; 0,042068; 
8000; 16061453; 16147309; 15981523; 15754096; 15930667; 15883296; 16287307; 15915210; 16098721; 16111836; 16053454; 16139310; 15973524; 15746097; 15922668; 15875297; 16279308; 15907211; 16090722; 16103837; 0,054039; 0,045321; 0,046951; 0,046880; 0,040108; 0,051974; 0,040598; 0,048942; 0,046557; 0,045723; 
8100; 16591352; 16669271; 16477591; 16374799; 16552747; 16564786; 16339136; 16364061; 16127061; 16578514; 16583253; 16661172; 16469492; 16366700; 16544648; 16556687; 16331037; 16355962; 16118962; 16570415; 0,056070; 0,047308; 0,046933; 0,046873; 0,050977; 0,050114; 0,044199; 0,052310; 0,041992; 0,054019; 
8200; 16823279; 16799279; 16906820; 16865014; 16955226; 16834527; 17014394; 16788118; 16940260; 17007522; 16815080; 16791080; 16898621; 16856815; 16947027; 16826328; 17006195; 16779919; 16932061; 16999323; 0,056037; 0,053242; 0,045375; 0,053008; 0,051012; 0,040768; 0,050931; 0,050821; 0,041882; 0,052174; 
8300; 17233886; 17232338; 17105582; 17191665; 17480340; 17084976; 17358381; 17176380; 17100920; 17224898; 17225587; 17224039; 17097283; 17183366; 17472041; 17076677; 17350082; 17168081; 17092621; 17216599; 0,062100; 0,047771; 0,046870; 0,053714; 0,052613; 0,042004; 0,052349; 0,052415; 0,051489; 0,051484; 
8400; 17714552; 17803542; 17568235; 17577032; 17504881; 17675528; 17477656; 17904348; 17660761; 17655136; 17706153; 17795143; 17559836; 17568633; 17496482; 17667129; 17469257; 17895949; 17652362; 17646737; 0,060396; 0,052250; 0,046947; 0,054829; 0,052715; 0,052054; 0,054628; 0,046472; 0,056287; 0,045893; 
8500; 18111802; 18191996; 18188192; 18011028; 17947144; 18064289; 17973427; 18084236; 18042925; 18063225; 18103303; 18183497; 18179693; 18002529; 17938645; 18055790; 17964928; 18075737; 18034426; 18054726; 0,061017; 0,042122; 0,046926; 0,059844; 0,052316; 0,052424; 0,052331; 0,052374; 0,054172; 0,051704; 
8600; 18580054; 18508889; 18722695; 18197727; 18622831; 18481886; 18509276; 18588742; 18588244; 18568467; 18571455; 18500290; 18714096; 18189128; 18614232; 18473287; 18500677; 18580143; 18579645; 18559868; 0,063999; 0,046458; 0,049832; 0,049499; 0,062524; 0,053483; 0,046867; 0,055851; 0,060181; 0,051239; 
8700; 18944292; 18778095; 18863548; 18913618; 19131013; 18670462; 19087312; 18950081; 19015912; 19036743; 18935593; 18769396; 18854849; 18904919; 19122314; 18661763; 19078613; 18941382; 19007213; 19028044; 0,064021; 0,054949; 0,046854; 0,066934; 0,054579; 0,052378; 0,062319; 0,051539; 0,052444; 0,060936; 
8800; 19230418; 19163212; 19466818; 19105859; 19404924; 19629651; 19221047; 19374628; 19296457; 19312597; 19221619; 19154413; 19458019; 19097060; 19396125; 19620852; 19212248; 19365829; 19287658; 19303798; 0,065044; 0,059663; 0,052525; 0,052411; 0,062814; 0,060186; 0,054652; 0,060641; 0,054849; 0,052307; 
8900; 19789630; 20005202; 19660044; 19647569; 19939933; 19910979; 19788549; 19571615; 19888091; 19578711; 19780731; 19996303; 19651145; 19638670; 19931034; 19902080; 19779650; 19562716; 19879192; 19569812; 0,066999; 0,049879; 0,062580; 0,057607; 0,054101; 0,063045; 0,052345; 0,060808; 0,054573; 0,062922; 
9000; 20365897; 20152368; 20298919; 20256474; 20216356; 20221682; 20352388; 20128175; 20236092; 20427571; 20356898; 20143369; 20289920; 20247475; 20207357; 20212683; 20343389; 20119176; 20227093; 20418572; 0,068999; 0,050067; 0,068031; 0,058860; 0,054864; 0,060898; 0,054780; 0,062999; 0,060602; 0,054718; 
9100; 20907237; 20646784; 20863798; 20741193; 20584886; 20618719; 20665476; 20414187; 20897684; 20701009; 20898138; 20637685; 20854699; 20732094; 20575787; 20609620; 20656377; 20405088; 20888585; 20691910; 0,069343; 0,063992; 0,063012; 0,046937; 0,066345; 0,062914; 0,062811; 0,063046; 0,060737; 0,054844; 
9200; 20924533; 21090924; 21087798; 21211456; 21200671; 21098003; 21336645; 21368471; 21292943; 21066163; 20915334; 21081725; 21078599; 21202257; 21191472; 21088804; 21327446; 21359272; 21283744; 21056964; 0,070998; 0,052801; 0,062479; 0,059996; 0,066398; 0,062949; 0,062894; 0,062955; 0,063054; 0,062173; 
9300; 21383893; 21743123; 21605929; 21430169; 21568790; 21617578; 21500979; 21468534; 21521030; 21673904; 21374594; 21733824; 21596630; 21420870; 21559491; 21608279; 21491680; 21459235; 21511731; 21664605; 0,073066; 0,051709; 0,075056; 0,062931; 0,063002; 0,063005; 0,062406; 0,063009; 0,062895; 0,062899; 
9400; 22163311; 22028638; 22085665; 22265092; 22003250; 22044797; 21937599; 22189220; 22275064; 22220843; 22153912; 22019239; 22076266; 22255693; 21993851; 22035398; 21928200; 22179821; 22265665; 22211444; 0,077060; 0,064956; 0,062779; 0,069752; 0,063299; 0,061676; 0,061163; 0,061081; 0,060913; 0,060876; 
9500; 22614653; 22710715; 22777668; 22722425; 22702485; 22485800; 22722033; 22602549; 22853246; 22476851; 22605154; 22701216; 22768169; 22712926; 22692986; 22476301; 22712534; 22593050; 22843747; 22467352; 0,072998; 0,066410; 0,070367; 0,063056; 0,063159; 0,071240; 0,064734; 0,061310; 0,061253; 0,072861; 
9600; 23018673; 22894288; 22974523; 22976491; 22985902; 22936429; 22920371; 23109689; 23072892; 23241473; 23009074; 22884689; 22964924; 22966892; 22976303; 22926830; 22910772; 23100090; 23063293; 23231874; 0,077154; 0,060738; 0,066318; 0,073530; 0,062917; 0,073367; 0,062818; 0,073023; 0,062881; 0,065355; 
9700; 23566454; 23532717; 23664237; 23462431; 23476395; 23624961; 23725702; 23493127; 23697507; 23644031; 23556755; 23523018; 23654538; 23452732; 23466696; 23615262; 23716003; 23483428; 23687808; 23634332; 0,079029; 0,053572; 0,078547; 0,062835; 0,069024; 0,062499; 0,064144; 0,071289; 0,060901; 0,071053; 
9800; 23931155; 24147238; 23601036; 23992879; 24080326; 24338788; 24081208; 24141743; 23881232; 23857383; 23921356; 24137439; 23591237; 23983080; 24070527; 24328989; 24071409; 24131944; 23871433; 23847584; 0,079053; 0,076138; 0,065148; 0,073652; 0,071367; 0,072899; 0,088186; 0,084686; 0,079184; 0,069348; 
9900; 24674907; 24412610; 24509367; 24790872; 24422495; 24438221; 24498861; 24621816; 24735745; 24636089; 24665008; 24402711; 24499468; 24780973; 24412596; 24428322; 24488962; 24611917; 24725846; 24626190; 0,079051; 0,059582; 0,071157; 0,063295; 0,063017; 0,071217; 0,071866; 0,072283; 0,072896; 0,073601; 
10000; 25122440; 24982065; 25104529; 25119448; 25136399; 24829889; 25075846; 25100628; 24606756; 25100666; 25112441; 24972066; 25094530; 25109449; 25126400; 24819890; 25065847; 25090629; 24596757; 25090667; 0,084178; 0,060794; 0,069160; 0,084555; 0,065443; 0,073609; 0,073650; 0,076982; 0,068690; 0,078394; 
